[{
  "id": 1,
  "image": "https://thumbs.dreamstime.com/b/gamer-level-gamepad-emblem-t-shirt-graphics-gamer-level-gamepad-emblem-t-shirt-graphics-vector-illustration-157738696.jpg",
  "name": "TESARO, Inc."
}, {
  "id": 2,
  "image": "https://thumbs.dreamstime.com/b/gamer-level-gamepad-emblem-t-shirt-graphics-gamer-level-gamepad-emblem-t-shirt-graphics-vector-illustration-157738696.jpg",
  "name": "Westamerica Bancorporation"
}, {
  "id": 3,
  "image": "https://thumbs.dreamstime.com/b/gamer-level-gamepad-emblem-t-shirt-graphics-gamer-level-gamepad-emblem-t-shirt-graphics-vector-illustration-157738696.jpg",
  "name": "CubeSmart"
}]