[{
  "id": 1,
  "firstname": "Craig",
  "lastname": "Fudge",
  "label": 1,
  "value": 1,
  "prize": "$905404.09"
}, {
  "id": 2,
  "firstname": "Budd",
  "lastname": "Kivelle",
  "label": 2,
  "value": 1,
  "prize": "$567725.95"
}, {
  "id": 3,
  "firstname": "Deborah",
  "lastname": "Peddersen",
  "label": 3,
  "value": 1,
  "prize": "$633816.33"
}, {
  "id": 4,
  "firstname": "Carolann",
  "lastname": "Bedwell",
  "label": 4,
  "value": 4,
  "prize": "$309977.66"
}, {
  "id": 5,
  "firstname": "Ted",
  "lastname": "Aronoff",
  "label": 5,
  "value": 5,
  "prize": "$388879.97"
}, {
  "id": 6,
  "firstname": "Janka",
  "lastname": "Edwick",
  "label": 6,
  "value": 6,
  "prize": "$963902.66"
}, {
  "id": 7,
  "firstname": "Felix",
  "lastname": "Suscens",
  "label": 7,
  "value": 7,
  "prize": "$660896.80"
}, {
  "id": 8,
  "firstname": "Harriott",
  "lastname": "Waszczyk",
  "label": 8,
  "value": 8,
  "prize": "$750773.11"
}, {
  "id": 9,
  "firstname": "Zacharia",
  "lastname": "O'Flynn",
  "label": 9,
  "value": 9,
  "prize": "$632265.18"
}, {
  "id": 10,
  "firstname": "Ann",
  "lastname": "Draper",
  "label": 10,
  "value": 10,
  "prize": "$849830.15"
}, {
  "id": 11,
  "firstname": "Callie",
  "lastname": "Greder",
  "label": 11,
  "value": 11,
  "prize": "$223144.83"
}, {
  "id": 12,
  "firstname": "Monique",
  "lastname": "Ellaman",
  "label": 12,
  "value": 12,
  "prize": "$989695.13"
}, {
  "id": 13,
  "firstname": "Stearn",
  "lastname": "Shreve",
  "label": 13,
  "value": 13,
  "prize": "$875568.76"
}, {
  "id": 14,
  "firstname": "Carlin",
  "lastname": "Mellenby",
  "label": 14,
  "value": 14,
  "prize": "$479164.90"
}, {
  "id": 15,
  "firstname": "Marty",
  "lastname": "Tisor",
  "label": 15,
  "value": 15,
  "prize": "$493778.44"
}, {
  "id": 16,
  "firstname": "Cordula",
  "lastname": "Crankshaw",
  "label": 16,
  "value": 16,
  "prize": "$475718.91"
}, {
  "id": 17,
  "firstname": "Aurea",
  "lastname": "Wofenden",
  "label": 17,
  "value": 17,
  "prize": "$534754.55"
}, {
  "id": 18,
  "firstname": "Vi",
  "lastname": "Measey",
  "label": 18,
  "value": 18,
  "prize": "$380935.34"
}, {
  "id": 19,
  "firstname": "Rolf",
  "lastname": "Doggart",
  "label": 19,
  "value": 19,
  "prize": "$390740.47"
}, {
  "id": 20,
  "firstname": "Eric",
  "lastname": "Ruberry",
  "label": 20,
  "value": 20,
  "prize": "$241761.18"
}]