[{
  "id": 1,
  "first_name": "Tamma",
  "last_name": "Silkstone",
  "number": "9023514653",
  "price": "0260696021"
}, {
  "id": 2,
  "first_name": "Dory",
  "last_name": "Haill",
  "number": "9370732527",
  "price": "8295738062"
}, {
  "id": 3,
  "first_name": "Matthieu",
  "last_name": "Do Rosario",
  "number": "1686462433",
  "price": "0030302889"
}, {
  "id": 4,
  "first_name": "Anette",
  "last_name": "Fogden",
  "number": "9657202515",
  "price": "1904837336"
}, {
  "id": 5,
  "first_name": "Bancroft",
  "last_name": "Bruni",
  "number": "8875352291",
  "price": "4492517677"
}, {
  "id": 6,
  "first_name": "Park",
  "last_name": "Dunmore",
  "number": "0042252350",
  "price": "2311048325"
}, {
  "id": 7,
  "first_name": "Gleda",
  "last_name": "Woolforde",
  "number": "1273568729",
  "price": "8128715844"
}, {
  "id": 8,
  "first_name": "Ravid",
  "last_name": "Kember",
  "number": "7732705548",
  "price": "5243013234"
}, {
  "id": 9,
  "first_name": "Camella",
  "last_name": "Pitone",
  "number": "4704068870",
  "price": "5930238049"
}, {
  "id": 10,
  "first_name": "Sibley",
  "last_name": "McLukie",
  "number": "2952831327",
  "price": "5167297532"
}, {
  "id": 11,
  "first_name": "Joel",
  "last_name": "Packington",
  "number": "3189818398",
  "price": "8289292333"
}, {
  "id": 12,
  "first_name": "Chrysler",
  "last_name": "Ogers",
  "number": "4370679087",
  "price": "7574317844"
}, {
  "id": 13,
  "first_name": "Shari",
  "last_name": "Alderwick",
  "number": "4705554795",
  "price": "0999267612"
}, {
  "id": 14,
  "first_name": "Guinevere",
  "last_name": "Klishin",
  "number": "8268455950",
  "price": "0391925911"
}, {
  "id": 15,
  "first_name": "Codi",
  "last_name": "Sommerfeld",
  "number": "1199251453",
  "price": "4993417594"
}, {
  "id": 17,
  "first_name": "Rodd",
  "last_name": "O'Lehane",
  "number": "8252173748",
  "price": "3272572570"
}, {
  "id": 18,
  "first_name": "Nil",
  "last_name": "MacNair",
  "number": "7807036915",
  "price": "4952750981"
}, {
  "id": 19,
  "first_name": "Kennith",
  "last_name": "Haining",
  "number": "8170070635",
  "price": "4614249833"
}, {
  "id": 20,
  "first_name": "Orland",
  "last_name": "Elph",
  "number": "6555389281",
  "price": "8017949871"
}, {
  "id": 21,
  "first_name": "Scarface",
  "last_name": "Derrington",
  "number": "1222146673",
  "price": "6451232904"
}, {
  "id": 22,
  "first_name": "Fancie",
  "last_name": "Swains",
  "number": "5422065425",
  "price": "5159803912"
}, {
  "id": 23,
  "first_name": "Tucky",
  "last_name": "Fiddiman",
  "number": "8754467632",
  "price": "2338056272"
}, {
  "id": 24,
  "first_name": "Verine",
  "last_name": "Harower",
  "number": "3243421632",
  "price": "3154910735"
}, {
  "id": 25,
  "first_name": "Janice",
  "last_name": "Limmer",
  "number": "4404070462",
  "price": "8272555182"
}, {
  "id": 26,
  "first_name": "Waylen",
  "last_name": "Droogan",
  "number": "0622564870",
  "price": "0923260870"
}, {
  "id": 27,
  "first_name": "Ashia",
  "last_name": "Skippen",
  "number": "9575758617",
  "price": "1520289081"
}, {
  "id": 28,
  "first_name": "Salmon",
  "last_name": "Killingworth",
  "number": "3363582986",
  "price": "4004445949"
}, {
  "id": 29,
  "first_name": "Valaria",
  "last_name": "Cowdray",
  "number": "2649725109",
  "price": "6755468169"
}, {
  "id": 30,
  "first_name": "Barbara",
  "last_name": "Lathy",
  "number": "113521723755",
  "price": "114029959628"
}, {
  "id": 31,
  "first_name": "Elbert",
  "last_name": "Loakes",
  "number": "3108307118",
  "price": "0362341265"
}, {
  "id": 32,
  "first_name": "Rhianon",
  "last_name": "Stivens",
  "number": "4026930610",
  "price": "7939916688"
}, {
  "id": 33,
  "first_name": "Chrissie",
  "last_name": "Mityushkin",
  "number": "4855134422",
  "price": "1430666668"
}, {
  "id": 34,
  "first_name": "Guthry",
  "last_name": "Samms",
  "number": "7405210708",
  "price": "8466171630"
}, {
  "id": 35,
  "first_name": "Angeli",
  "last_name": "Axby",
  "number": "0168214598",
  "price": "2378669658"
}, {
  "id": 36,
  "first_name": "Aldwin",
  "last_name": "Sokill",
  "number": "6806527558",
  "price": "6110292273"
}, {
  "id": 37,
  "first_name": "Otes",
  "last_name": "Gallemore",
  "number": "6080327457",
  "price": "6638386255"
}, {
  "id": 38,
  "first_name": "Darren",
  "last_name": "Baughen",
  "number": "7087832425",
  "price": "4474325206"
}, {
  "id": 39,
  "first_name": "Constantina",
  "last_name": "Camillo",
  "number": "0250051397",
  "price": "5384379596"
}, {
  "id": 40,
  "first_name": "Janey",
  "last_name": "Trevers",
  "number": "8605905506",
  "price": "0827873700"
}, {
  "id": 41,
  "first_name": "Christan",
  "last_name": "Brennenstuhl",
  "number": "7257853894",
  "price": "1234619059"
}, {
  "id": 43,
  "first_name": "Carmelia",
  "last_name": "De Angelo",
  "number": "1029796599",
  "price": "6330670692"
}, {
  "id": 44,
  "first_name": "Daisy",
  "last_name": "Sheepy",
  "number": "1631468553",
  "price": "2428730304"
}, {
  "id": 45,
  "first_name": "Florette",
  "last_name": "Vinnicombe",
  "number": "9689821369",
  "price": "8726397234"
}, {
  "id": 46,
  "first_name": "Xylia",
  "last_name": "Gorner",
  "number": "1565551249",
  "price": "4338476737"
}, {
  "id": 47,
  "first_name": "Giffy",
  "last_name": "Kelleway",
  "number": "0707553598",
  "price": "6351013054"
}, {
  "id": 48,
  "first_name": "Alida",
  "last_name": "Bonnin",
  "number": "9233758400",
  "price": "0160228859"
}, {
  "id": 49,
  "first_name": "Luelle",
  "last_name": "Witchard",
  "number": "9063584040",
  "price": "60277208"
}, {
  "id": 50,
  "first_name": "Courtnay",
  "last_name": "Kornalik",
  "number": "8477887659",
  "price": "7285566594"
}, {
  "id": 51,
  "first_name": "Athena",
  "last_name": "Fishleigh",
  "number": "8089025838",
  "price": "0148713238"
}, {
  "id": 52,
  "first_name": "Akim",
  "last_name": "Erik",
  "number": "5422336011",
  "price": "3817057989"
}, {
  "id": 53,
  "first_name": "Klarrisa",
  "last_name": "Vassman",
  "number": "8516558843",
  "price": "4616969795"
}, {
  "id": 54,
  "first_name": "Heindrick",
  "last_name": "Twidell",
  "number": "9676135917",
  "price": "8434296381"
}, {
  "id": 55,
  "first_name": "Mireielle",
  "last_name": "McManamon",
  "number": "1340019558",
  "price": "4738600168"
}, {
  "id": 56,
  "first_name": "Pace",
  "last_name": "Dike",
  "number": "1737730766",
  "price": "7141525238"
}, {
  "id": 57,
  "first_name": "Armand",
  "last_name": "MacQuarrie",
  "number": "8262556364",
  "price": "6423441758"
}, {
  "id": 58,
  "first_name": "Baxie",
  "last_name": "Whorlton",
  "number": "2042198730",
  "price": "61262375"
}, {
  "id": 59,
  "first_name": "Maggi",
  "last_name": "Whellams",
  "number": "8569036876",
  "price": "1142237613"
}, {
  "id": 60,
  "first_name": "Fidelity",
  "last_name": "Curtain",
  "number": "7954222993",
  "price": "1264601336"
}, {
  "id": 61,
  "first_name": "Sherman",
  "last_name": "Lening",
  "number": "4081892091",
  "price": "6049319936"
}, {
  "id": 62,
  "first_name": "Symon",
  "last_name": "Paragreen",
  "number": "8450172861",
  "price": "7011949259"
}, {
  "id": 63,
  "first_name": "Ariana",
  "last_name": "Piscotti",
  "number": "6040026782",
  "price": "0855541563"
}, {
  "id": 64,
  "first_name": "Alvan",
  "last_name": "Palle",
  "number": "3632728844",
  "price": "1717836186"
}, {
  "id": 65,
  "first_name": "Wallis",
  "last_name": "Menis",
  "number": "0018096921",
  "price": "0631948295"
}, {
  "id": 66,
  "first_name": "Cristine",
  "last_name": "Covolini",
  "number": "5502162494",
  "price": "8697989906"
}, {
  "id": 67,
  "first_name": "Elsinore",
  "last_name": "Benfield",
  "number": "9433067754",
  "price": "2768726680"
}, {
  "id": 68,
  "first_name": "Briano",
  "last_name": "Paslow",
  "number": "4509303270",
  "price": "7484574910"
}, {
  "id": 69,
  "first_name": "Adella",
  "last_name": "Logesdale",
  "number": "3717001132",
  "price": "1468615351"
}, {
  "id": 70,
  "first_name": "Piotr",
  "last_name": "Santus",
  "number": "4307073983",
  "price": "1441909761"
}, {
  "id": 71,
  "first_name": "Giacinta",
  "last_name": "Scully",
  "number": "1707288607",
  "price": "8388764403"
}, {
  "id": 73,
  "first_name": "Sylvester",
  "last_name": "Lambrook",
  "number": "2657017770",
  "price": "1041322755"
}, {
  "id": 74,
  "first_name": "Stevy",
  "last_name": "Kunzel",
  "number": "4565529149",
  "price": "4444337091041"
}]